feature_name,depth,positions_generated,normal_search_entries,q_search_entries,num_alpha_beta_cutoffs,best_move_first_count,nodes_with_best_move_count,sum_of_cutoff_move_indices,killer_move_cutoffs,history_heuristic_cutoffs,tt_probes,tt_hits,tt_cutoffs,search_time,q_search_time,evaluation_time,move_gen_time,move_ordering_time,total_time
New metrics,0,140,1,20,14,0,0,0,0,0,0,0,0,0.069781,0.008084,0.027118,0.026766,0.001554,1.602399
New metrics,1,2487,21,234,166,7,27,109,0,0,0,0,0,0.161197,0.093324,0.322537,0.48364,0.231129,2.397221
New metrics,2,15002,205,2193,1925,76,263,797,0,0,0,0,0,1.056025,0.533914,1.961008,2.0235320000000003,1.569583,9.329602
New metrics,3,223936,2410,18641,15239,2715,4440,10243,0,0,0,0,0,5.297344,4.40116,12.021727,20.333471,13.335296999999999,64.874777
New metrics,4,1850325,19583,190851,165087,27049,43803,89855,0,0,0,0,0,48.695513000000005,43.445671999999995,116.42158599999999,163.546959,144.71768500000002,596.346963
New metrics,5,15466372,105064,1097582,853133,276461,371747,689226,0,0,0,0,0,219.911841,303.915592,649.388053,1312.656756,722.597896,3656.8245070000003
New metrics,6,111487929,851698,9578066,7950363,2024246,2884971,5109076,0,0,0,0,0,1970.9145179999998,2498.7684520000003,5641.831039000001,9494.050603,7993.316513,31398.612282
New metrics,7,1104999779,6094721,73782622,56844806,22124390,28941207,44307397,0,0,0,0,0,13487.149538000001,25527.44095,48766.244685,105432.464361,59390.14341,285066.327053
