feature_name,depth,positions_generated,normal_search_entries,q_search_entries,num_alpha_beta_cutoffs,search_time,q_search_time,evaluation_time,move_gen_time,move_ordering_time,total_time
improved-measurent-logic,0,420,21,20,0,1.03938,0.0111,0.014996,1.694443,0.093875,3.25251
improved-measurent-logic,1,1248,60,42,21,2.3278359999999996,0.066889,0.029519,3.6507430000000003,0.907374,7.268789
improved-measurent-logic,2,11912,568,588,94,15.646553,0.453522,0.259804,29.683977,2.735454,49.582118
improved-measurent-logic,3,34094,1572,1634,746,41.462296,2.734432,0.556046,77.32198,17.712239,141.501609
improved-measurent-logic,4,733394,30674,76603,21862,842.390108,171.37385,19.709231,2399.065768,177.150185,3659.104415
improved-measurent-logic,5,4408586,84473,1822049,783902,2104.665943,5531.335001,254.61540100000002,24447.618475,1850.861465,34893.984883000005
improved-measurent-logic,6,126867658,2796588,45734341,19170896,70278.94652700001,137992.765211,6631.172734,608566.106461,36393.102864,878256.781879
