feature_name,depth,positions_generated,normal_search_entries,q_search_entries,num_alpha_beta_cutoffs,search_time,q_search_time,evaluation_time,move_gen_time,move_ordering_time,total_time
Own move gen,0,420,1,20,0,0.087587,0.009821,0.006909,0.095542,0.005563,1.795149
Own move gen,1,1353,21,44,22,0.060922,0.025323000000000002,0.012804,0.331305,0.253456,1.8016569999999998
Own move gen,2,13942,66,613,96,0.319495,0.312588,0.167702,3.287589,1.0308279999999999,6.9078610000000005
Own move gen,3,42523,534,1484,732,0.939102,0.9407690000000001,0.352677,9.558788999999999,8.26992,23.05641
Own move gen,4,575992,1776,26736,6628,7.612571,15.145341,4.910183,120.200838,33.215030999999996,205.95742
Own move gen,5,3832237,16036,159604,64680,29.981895,97.50485400000001,20.087791,722.5365780000001,248.302144,1240.64555
Own move gen,6,86154322,124607,3812310,1324618,368.443207,1651.635875,329.32611899999995,10683.964156,2205.4332059999997,16995.731037999998
Own move gen,7,124405416,404260,5252696,2206371,418.19305499999996,1863.061887,338.872148,11787.343355,3636.589856,19950.101092
