feature_name,depth,positions_generated,normal_search_entries,q_search_entries,num_alpha_beta_cutoffs,search_time,q_search_time,evaluation_time,move_gen_time,move_ordering_time,total_time
Repetition-check,0,140,1,20,14,0.068356,0.005918,0.023298,0.018522,0.0013939999999999998,1.105832
Repetition-check,1,2487,21,234,166,0.107624,0.06684000000000001,0.276947,0.304295,0.15705100000000002,1.696218
Repetition-check,2,15002,205,2193,1925,0.768166,0.486826,2.1721090000000003,1.656006,1.2811409999999999,8.168081
Repetition-check,3,223936,2410,18641,15239,6.403377,5.8604210000000005,18.527776,27.414996000000002,17.479829,87.97350399999999
Repetition-check,4,1850325,19583,190851,165087,47.366991999999996,45.561491000000004,137.157131,169.807765,148.07330499999998,634.232492
Repetition-check,5,15466372,105064,1097562,853121,214.59552300000001,328.886363,800.5822390000001,1387.9004189999998,756.035377,3986.6986410000004
Repetition-check,6,111487929,851698,9577696,7950008,1910.722568,2658.5177120000003,6599.637592,9957.279359999999,8161.195894,33385.234165
Repetition-check,7,1104978631,6094369,73779476,56842178,12030.641524,24626.953931,51567.412779,98557.122705,54842.165520999995,273653.669775
Repetition-check,8,7801885000,47248828,603173176,489239715,107213.99859100001,190568.966334,416332.451943,710069.72023,568652.655339,2250055.589
