feature_name,depth,positions_generated,normal_search_entries,q_search_entries,search_time,evaluation_time
Alpha-Beta-Pruning,0,420,21,20,2.3445169999999997,0.011554
Alpha-Beta-Pruning,1,1228,60,41,6.013092,0.024736
Alpha-Beta-Pruning,2,11936,568,614,51.624829999999996,0.26704
Alpha-Beta-Pruning,3,37333,1481,5550,176.298385,1.0425149999999999
Alpha-Beta-Pruning,4,1928028,27054,1071598,14342.887953,145.696434
Alpha-Beta-Pruning,5,5416358,58229,2965626,43219.093856,387.10670000000005
Alpha-Beta-Pruning,6,842701002,1956472,563728173,6074397.002251,66027.61666
,